{
    "XAGACAX": {
        "score": 68,
        "total_time": 1644.1737813949585
    },
    "f_ertugrul": {
        "score": 1,
        "total_time": 47.87468767166138
    },
    "_.Chuva_": {
        "score": 14,
        "total_time": 470.8285701274872
    },
    "ishwany": {
        "score": 3,
        "total_time": 115.11586046218872
    }
}